{"loss": [2.044833483451919, 2.0164077960415776, 1.991984577831009, 1.9782131025588996, 1.935189700928055, 1.9122960922188026, 1.8968104821202225, 1.8838270103503403, 1.8600607820828512, 1.8436912300934585, 1.834466704710282, 1.8118088164795803, 1.809352046415221, 1.7940070588138834, 1.7798227771627166, 1.7672557177390644], "acc": [0.25171886794155246, 0.27960274860581613, 0.3368983948368485, 0.43353704911798263, 0.2925897629873228, 0.30672268937729624, 0.3013750950701256, 0.3365164247502959, 0.39839572357149, 0.3922841883882755, 0.40718105278277417, 0.41329259205413194, 0.3884644774567817, 0.37738732178535417, 0.40870893898870403, 0.41252864834641206], "avg_client_acc": [0.33510562653342885, 0.3343528962602994], "avg_client_precision": [0.28967049281410556, 0.30369065535648804], "avg_client_recall": [0.31366377218915814, 0.2831573966139558], "avg_client_f1": [0.2578257125464989, 0.25947923297674325], "final_acc": 0.4125}