{"loss": [2.0791977289560677, 2.016539069714847, 1.9471235225598018, 1.8540722087428376, 1.7439263124723692, 1.6158231009502668, 1.4722072590847273, 1.3264360072108003, 1.2095302686363727, 1.0858662819137443, 0.9889048872901512, 0.9362384790705668, 0.8689285101922782, 0.829816804007367, 0.8035656829272304, 0.7608753554522991], "acc": [0.18468468820860795, 0.34572072162267725, 0.456081084395247, 0.5326576667695163, 0.6452702755561551, 0.6959459501075315, 0.6981982083001115, 0.7072072152451083, 0.7218468573514942, 0.7229729828063969, 0.7173423463696832, 0.7173423500110706, 0.7297297385059767, 0.7364864959842987, 0.7409909998007991, 0.7308558698340848], "avg_client_acc": [0.680427518983682, 0.20204490578624046], "avg_client_precision": [0.48637320813539303, 0.25841517362307864], "avg_client_recall": [0.5793087128690362, 0.15685798381194976], "avg_client_f1": [0.48558292780693557, 0.21076304703783702], "final_acc": 0.7309}