{"loss": [2.059295150476533, 2.040442490899885, 2.005294963046237, 1.9719099533987474, 1.9284315789873536, 1.8602410197794974, 1.8341493249476493, 1.762343445473963, 1.7701062064047333, 1.747391362179507, 1.6539415170077805, 1.6379755723315317, 1.5885531619728148, 1.5199595511228114, 1.5717591146628063, 1.4934452020781381], "acc": [0.20833333600983694, 0.2477477530357302, 0.29504504785998853, 0.3479729764612375, 0.37274775025959184, 0.3907657668795772, 0.3840090149315074, 0.3918918973183142, 0.34684684732823995, 0.3873873919296825, 0.40653153333963976, 0.42004504568270734, 0.46621622331020934, 0.4436937034558001, 0.435810816247721, 0.5062857184367521], "avg_client_acc": [0.41517006060374634, 0.33148961733164173], "avg_client_precision": [0.3668069320279022, 0.32387910682044463], "avg_client_recall": [0.3942623227831497, 0.29224828226617544], "avg_client_f1": [0.3381969086787075, 0.2822294788720632], "final_acc": 0.5063}