{"loss": [2.0635226282987507, 2.0467687535124854, 2.020079662268226, 2.012229709072156, 1.987613369215716, 1.9722789381001447, 1.9473252477678094, 1.933714761121853, 1.8862275052983482, 1.8637193681688997, 1.8662794939838014, 1.8869301425712603, 1.8570325134305266, 1.8648959092191748, 1.808397744354364, 1.8332537861207463], "acc": [0.15878378516398706, 0.24324324794810032, 0.26238738600508654, 0.2725225216876883, 0.2601351352137941, 0.26126126147416495, 0.2623873881257332, 0.265765766536624, 0.2691441440371679, 0.2747747757008534, 0.27590090193710215, 0.29617117128234255, 0.2860360370030174, 0.2804054065800465, 0.2984234234611797, 0.31128848472794896], "avg_client_acc": [0.24729974310973596, 0.3317879288920987], "avg_client_precision": [0.2003770221997626, 0.28451243239925506], "avg_client_recall": [0.25014633278006043, 0.3018305989123516], "avg_client_f1": [0.18972399169927912, 0.2695845115544464], "final_acc": 0.3113}