{"loss": [2.0897164767347647, 2.065649688699211, 2.0454847629603945, 2.024990101412474, 1.9919762608201745, 1.9737573975001337, 1.9591071881166024, 1.9417850918857262, 1.9115166379532986, 1.8873715400240456, 1.8723961273798786, 1.8713234833763974, 1.841713744688799, 1.8391187090833647, 1.8036525685701597, 1.8124528878786075], "acc": [0.11573720591554007, 0.16997708351549823, 0.18411000738897973, 0.22803667017932472, 0.2715813606099501, 0.305576774130189, 0.2967914483154931, 0.3235294173103085, 0.35905271316569004, 0.3712757879952104, 0.39915966547775167, 0.4129106183603941, 0.40565317399327405, 0.40259740620316486, 0.4194041247898677, 0.4255156669199376], "avg_client_acc": [0.323960090863208, 0.32727572887658496], "avg_client_precision": [0.2553291684867026, 0.2920793423470685], "avg_client_recall": [0.31746104324930935, 0.27690048692843494], "avg_client_f1": [0.2520675308932695, 0.2602275071673122], "final_acc": 0.4255}