{"loss": [2.0802652100185015, 2.0600466726868003, 2.040946408435031, 2.0346514775946334, 1.9943638646656328, 1.9743525385856628, 1.957056812740661, 1.950659108725754, 1.9220641350692458, 1.904038448188756, 1.8924213078644898, 1.9006037121420507, 1.8966030822143898, 1.871410291742634, 1.8684579750170578, 1.8594071484482002], "acc": [0.18918918900460274, 0.22072072563533512, 0.2511261256310988, 0.27590090215734736, 0.2522522525605955, 0.2601351363842401, 0.2635135140347605, 0.2736486499701199, 0.29729729726163856, 0.31306306518161214, 0.34797297443078645, 0.38738738804183026, 0.35472973292643156, 0.3524774804476414, 0.37274775080181455, 0.3945267977003972], "avg_client_acc": [0.3240648704613077, 0.3252230131898199], "avg_client_precision": [0.25982143472433183, 0.3073488928014142], "avg_client_recall": [0.34466969811797393, 0.29492012138339285], "avg_client_f1": [0.26181699737700276, 0.28009752843779034], "final_acc": 0.3945}