{"loss": [2.0267112939935137, 1.9581804797337927, 1.9078437541622164, 1.8262892938734832, 1.7333700925089004, 1.6507418318683633, 1.588217844436695, 1.487800600170816, 1.4210312068462372, 1.3190850975451531, 1.2243327273723277, 1.1041589164843169, 1.0374766959886317, 0.9486701574668892, 0.9026124797493925, 0.8087003377783472], "acc": [0.43315509100202, 0.433919016439738, 0.602368224708177, 0.504583651979715, 0.54430863671887, 0.5794499661969811, 0.5626432403005699, 0.5813598181373626, 0.5634071792044013, 0.5847975531489089, 0.6443850316357713, 0.6879297092050383, 0.7310924370231703, 0.7417876302066129, 0.7444614258497338, 0.81512604674895], "avg_client_acc": [0.6135124528159698, 0.3601771738938708], "avg_client_precision": [0.5784864381577054, 0.3705207283220541], "avg_client_recall": [0.5628209693818392, 0.349123940769993], "avg_client_f1": [0.550041259053872, 0.3563205520026895], "final_acc": 0.8151}