{"loss": [2.0322807383409796, 1.8697347273983238, 1.6906883998897078, 1.5107817991349968, 1.294548065859093, 1.1132250664751433, 0.9763142311500174, 0.8580998611800811, 0.7697930910871446, 0.6959101735771477, 0.6400649450474609, 0.592405890745685, 0.5617220985629888, 0.5273406127676925, 0.4992849117015454, 0.47092993484028794], "acc": [0.1321619566148638, 0.5129870162975125, 0.625668457298731, 0.7242169620866217, 0.7528647843312908, 0.7528647836767325, 0.7456073350834428, 0.7459893060365735, 0.7494270452066994, 0.7658518026629143, 0.7788388103110085, 0.8009931229402129, 0.7998472164271896, 0.8151260449218787, 0.8250572922873625, 0.8155080205366027], "avg_client_acc": [0.7816898902257283, 0.1613081707950659], "avg_client_precision": [0.6338975808000222, 0.29120366253179936], "avg_client_recall": [0.6339632119308438, 0.18086646962950767], "avg_client_f1": [0.5888233239748827, 0.2268166697780146], "final_acc": 0.8155}