{"loss": [2.0847247325660083, 2.056605352314568, 2.0251760739275855, 1.984459264285856, 1.9537218607456686, 1.91730319276101, 1.8869417559312143, 1.869126713651505, 1.850632101170488, 1.823713757455129, 1.7983700018391973, 1.7728834696327662, 1.7385090888307881, 1.7241811911016913, 1.7429628193699904, 1.70020380273584], "acc": [0.11524269266967116, 0.2727788841148842, 0.2591541316201622, 0.3005960825545195, 0.32898098460535813, 0.33494181151819324, 0.34799886742456604, 0.3650297981684511, 0.27391427399639784, 0.32898097799793774, 0.3312517716941904, 0.38773771956549247, 0.39483394391708904, 0.3829122922681177, 0.39086005984089917, 0.3945501020903589], "avg_client_acc": [0.39337398009374736, 0.3563915628667024], "avg_client_precision": [0.35087599780515494, 0.3420171674157637], "avg_client_recall": [0.3837682976239571, 0.33083876039418875], "avg_client_f1": [0.32820794393687575, 0.32317703976021145], "final_acc": 0.3946}