{"loss": [2.0808060403375035, 2.0761237900398553, 2.06179568278935, 2.053632522861016, 2.040360645512915, 2.029434655492968, 2.0250177129642077, 2.014992043845463, 2.003412733861678, 1.9966686308942259, 1.991365714402081, 1.9850128477959006, 1.9770458491390617, 1.9694946901790804, 1.960378935551596, 1.9544430705860125], "acc": [0.18393414993798177, 0.18734033609334122, 0.2202668138701715, 0.22849844194371852, 0.2395685457890436, 0.27419812636084595, 0.295486799690036, 0.30087992832119614, 0.3616236176581278, 0.34828271920016346, 0.3369287524616603, 0.32358784841443883, 0.31649162602699976, 0.32671018641599614, 0.36900368779728504, 0.29577065125877566], "avg_client_acc": [0.27301351545999447, 0.25166896027255886], "avg_client_precision": [0.22465875859926648, 0.2275089853561886], "avg_client_recall": [0.26471544812317127, 0.23022191405898806], "avg_client_f1": [0.2130412665941696, 0.1905801073829949], "final_acc": 0.2958}