{"loss": [2.0732371166329777, 2.038362111100489, 1.9989490339686802, 1.9552457229773097, 1.9061516036533415, 1.8515372590223564, 1.7969127598270085, 1.723539505282873, 1.6274915620323915, 1.527371272773818, 1.4190770480772812, 1.2926434026911606, 1.1818100549621953, 1.0792456067640832, 0.9950374034610178, 0.918965449040255], "acc": [0.16602372330166051, 0.20296075126673202, 0.29848587385284736, 0.3782910563797908, 0.45674607174588505, 0.5335133501825401, 0.5809142623471335, 0.6062783286701994, 0.6256630380834376, 0.6322692663827637, 0.6396470250604857, 0.6604301285101767, 0.6548847586696319, 0.6781271099318521, 0.6793326267214346, 0.6833831621633051], "avg_client_acc": [0.6483116542299588, 0.21392157227554132], "avg_client_precision": [0.5849702383973511, 0.2680671215519507], "avg_client_recall": [0.526970351258466, 0.17395142960296658], "avg_client_f1": [0.47392590701047693, 0.19101556490491192], "final_acc": 0.6834}