{"loss": [2.0837042064379805, 2.0690674316872935, 2.05024120518676, 2.034045715478209, 2.01586023390107, 1.9972156236498593, 1.9819985469092098, 1.958948674440181, 1.9343061384544298, 1.9044747851363915, 1.8726530637113066, 1.8288895017614155, 1.7818407909185954, 1.705180837321004, 1.6465393036493956, 1.5715466544535428], "acc": [0.08288390600164015, 0.1546977012873694, 0.18223105241094348, 0.287539031770553, 0.34913426435047884, 0.4084586992462251, 0.4393982389059395, 0.4865171738960781, 0.5129151365230943, 0.5546409291546478, 0.5852966146232211, 0.6071529876379433, 0.6236162399606139, 0.6713028628523973, 0.6701674726417618, 0.7036616517811921], "avg_client_acc": [0.6031053771575292, 0.21726578749958955], "avg_client_precision": [0.5649821544565097, 0.2520186319702605], "avg_client_recall": [0.5043123658741735, 0.1719748974776974], "avg_client_f1": [0.47406470793234107, 0.18443697394931652], "final_acc": 0.7037}