{"loss": [2.0799441580510734, 2.07407351017964, 2.063766622189237, 2.053731827062654, 2.0444835452245234, 2.0353368801601093, 2.0298787935086624, 2.021709419771841, 2.0110703045278657, 2.004759083920636, 1.9999384163189147, 1.9968189370817269, 1.9871528465327744, 1.9795245618585198, 1.9737974247381511, 1.970014921970912], "acc": [0.15647603231155832, 0.16790433012413467, 0.19428103061272367, 0.2138103969612161, 0.22793904849917104, 0.2371009726612229, 0.24867393017254485, 0.2604397691040789, 0.26241681582667775, 0.2820908502743341, 0.29501398454530725, 0.28561095675555354, 0.2932298198876858, 0.29400134647163567, 0.29130098589727726, 0.29443533403196886], "avg_client_acc": [0.251911615813151, 0.2113102976217296], "avg_client_precision": [0.21302994696631875, 0.20781342187898383], "avg_client_recall": [0.2648086865999527, 0.19449096569484053], "avg_client_f1": [0.2188266956999882, 0.1958068671316841], "final_acc": 0.2944}