{"loss": [2.096617585174004, 2.0909173249083186, 2.079248070245493, 2.0689578885362536, 2.059710907595794, 2.0505468559444484, 2.0447165815887023, 2.037388201050294, 2.0264396406045493, 2.019819799718315, 2.0153302815429774, 2.0121730677370326, 2.0028653900227145, 1.9964372612135726, 1.9906620477248163, 1.9871248747093238], "acc": [0.08780981720220762, 0.13762175793133852, 0.1463979176836722, 0.1466872421131368, 0.20947053781637365, 0.1964027413112001, 0.21381039428122736, 0.24568425034350583, 0.2256726758057525, 0.24722731108282778, 0.26019867206220837, 0.2565821175458917, 0.2479506218999916, 0.24592536127651757, 0.25137428910122467, 0.22851769507068906], "avg_client_acc": [0.2025939053390175, 0.21237009055907033], "avg_client_precision": [0.19102573647009674, 0.20637224938249715], "avg_client_recall": [0.20522018345605153, 0.19390815629271796], "avg_client_f1": [0.1705270019308311, 0.1676877887746258], "final_acc": 0.2285}