{"loss": [2.069238670502993, 2.0313271215238156, 1.9919318273736812, 1.948636184646718, 1.9081488286291166, 1.8650586469468438, 1.8292990236057474, 1.7915220325576475, 1.7542408802709581, 1.7160686537665082, 1.6836940946407908, 1.64972098189962, 1.6025322586892943, 1.5667783396259454, 1.5556204569053484, 1.5193311241113618], "acc": [0.11847815524956197, 0.2923618441457316, 0.3298292990275606, 0.31955829819607146, 0.35871346997184617, 0.33252965431304377, 0.383209563339451, 0.4299836048738447, 0.38518661448641034, 0.43658983445419963, 0.45838556680151105, 0.5379978819635373, 0.535876169105208, 0.5448934336696156, 0.4850033731371802, 0.5221332777276267], "avg_client_acc": [0.506489906894664, 0.29943867077520886], "avg_client_precision": [0.5006623543357188, 0.30783170617048655], "avg_client_recall": [0.4817201017987951, 0.27019488472976666], "avg_client_f1": [0.4389160850888529, 0.2688840105331655], "final_acc": 0.5221}