{"loss": [2.0898382954052015, 2.086238310413539, 2.0743889103482602, 2.0595624782874644, 2.0523073853601828, 2.041439451076346, 2.033323939097662, 2.0250287590600737, 2.0174583675778117, 2.009367962435772, 2.0051322818783714, 1.997790786409933, 1.9882932573836058, 1.9769257709718109, 1.9691496820162888, 1.964963715759286], "acc": [0.0945217152235312, 0.11751348191669743, 0.14476298534750448, 0.177689471087764, 0.20692591681936875, 0.24269088992773385, 0.2617087727663719, 0.2756173696782384, 0.3133692886905595, 0.326142494144035, 0.3346579646077848, 0.346295774613224, 0.35481124230230393, 0.3684359916525235, 0.3602043695730934, 0.3502696548926155], "avg_client_acc": [0.31930082643715046, 0.21574538185616793], "avg_client_precision": [0.2747860352023105, 0.20200018728688343], "avg_client_recall": [0.30947732598715233, 0.20469958790734089], "avg_client_f1": [0.26377322847527834, 0.18599958858362092], "final_acc": 0.3503}